id;theme_field_id;digest;content;theme_id
1;58882;online Rhode Island New Jersey;Organized payment;3243
2;39900;TCP functionalities;calculating Forward target;22119
3;9005;Web Unbranded;Way Unbranded modular;38971
4;84312;cross-platform Internal invoice;Ohio;91000
5;62718;firewall New York;Implementation;16666
6;75648;withdrawal RSS Refined Frozen Sausages;Home;10901
7;43864;Won Usability orange;Security Lead Rubber;83359
8;40418;RAM Bike SCSI;Orchestrator Alaska;77241
9;34788;generate Burgs;ivory back up;81863
10;22058;capacitor;Pennsylvania Chair;82620
