id;user_id;uid;provider;email;name;updated_at
1;global Wells;zero administration Refined Wooden Shirt Savings Account;Fantastic solutions;Myron_Pacocha@hotmail.com;Nebraska Exclusive Fork;2021-05-24T00:20:27
2;transmitting;Awesome Intelligent Wooden Cheese productivity;Beauty frictionless;Donato_Wilderman@yahoo.com;e-business panel;2021-05-24T05:11:36
3;reboot primary Communications;unleash;feed web-readiness;Jed_Rowe29@hotmail.com;Dynamic;2021-05-24T11:12:17
4;Vista;Checking Account navigate Dynamic;Marketing SAS;Lester.Satterfield@gmail.com;Quetzal;2021-05-23T21:56:06
5;Louisiana;web services Chair Bedfordshire;bypass Credit Card Account calculate;Polly_Hilll@yahoo.com;Tools 1080p Engineer;2021-05-23T18:37:07
6;SSL UAE Dirham;deposit facilitate impactful;Health Planner;Kian.Willms42@hotmail.com;architect;2021-05-24T09:24:16
7;Specialist quantify;Identity Communications composite;expedite Czech Republic interfaces;Richard_Rice@gmail.com;Oklahoma Taka COM;2021-05-24T11:41:57
8;intangible;redundant;backing up;Darien74@yahoo.com;Automotive Buckinghamshire Pakistan Rupee;2021-05-24T02:59:52
9;overriding;deposit Cotton;Music JBOD;Terry93@yahoo.com;Chips program Palladium;2021-05-23T18:32:24
10;Ohio Total;open-source;withdrawal card Credit Card Account;Lempi.Kshlerin@gmail.com;Jewelery Parkway withdrawal;2021-05-24T00:07:44
