id;sha_1;extension;width;height;upload_id;url;filesize;etag;version
1;Manager Gorgeous Integration;benchmark SSL;34250;59345;15138;http://oran.info;79091;lime sky blue New Hampshire;94891
2;lavender world-class;HDD Borders;44181;25526;99006;https://nettie.biz;78417;asymmetric plug-and-play;32320
3;architectures connecting Developer;radical;11931;21369;85208;https://breana.name;28651;Architect Chief;55255
4;plum;strategize optimizing;64516;58890;92577;https://jarred.net;58577;RAM Checking Account Fish;49886
5;project JSON;systemic China didactic;74108;77370;20146;https://ursula.org;39255;Tasty Soft Chips connecting overriding;20506
6;bluetooth parsing turquoise;bypass invoice;33959;33277;14169;https://lavern.name;41371;Exclusive;30899
7;fuchsia;Cocos (Keeling) Islands;47349;13461;69820;https://elmer.net;52660;Security USB;5074
8;disintermediate;Product;59294;58848;24129;https://kellie.info;58810;deposit overriding deposit;6613
9;orange;Fantastic Borders matrix;65704;12001;15207;https://keven.name;76431;optimize;80661
10;cyan Landing;implementation back-end;32276;17511;90951;https://alessandro.org;25389;Practical Soft Chips system engine;43014
