id;post_id;name;value;updated_at
1;81346;ivory;SCSI Shoes;2021-05-23T15:14:16
2;49930;Marketing vortals;Avon De-engineered;2021-05-23T21:40:03
3;20901;Computers Georgia payment;Uganda Dynamic calculate;2021-05-23T22:57:29
4;39005;Gorgeous viral;neutral;2021-05-23T17:50:54
5;22788;Executive;Health violet Avon;2021-05-24T06:18:52
6;14469;override primary Planner;Colombia;2021-05-23T21:27:59
7;3408;scale Group Licensed Metal Towels;Seamless Louisiana;2021-05-23T22:23:34
8;34102;architect bluetooth;Future Dam;2021-05-23T22:54:36
9;39260;complexity;microchip bleeding-edge;2021-05-24T02:39:00
10;49047;Fish transmitter;Handcrafted Fresh Towels microchip hub;2021-05-24T07:00:46
