id;email;action_type;match_count;last_match_at;ip_address
1;Raleigh51@gmail.com;3829;72747;2021-05-23T20:30:56;optical
2;Hilton.Treutel10@yahoo.com;743;40961;2021-05-24T07:39:58;Intelligent Realigned
3;Jillian68@gmail.com;9177;7857;2021-05-23T12:42:39;back up generate cohesive
4;Kristoffer.Rowe13@hotmail.com;37459;62202;2021-05-24T02:53:19;leverage firmware Car
5;Tina.Friesen@gmail.com;60388;49345;2021-05-24T04:45:07;online backing up
6;Kaleigh.Funk@hotmail.com;96014;50031;2021-05-24T09:36:34;payment
7;Mavis_Stokes2@yahoo.com;9141;79826;2021-05-24T00:40:37;synthesize Configuration back-end
8;Araceli_Koepp@gmail.com;25928;78643;2021-05-23T13:09:17;multimedia
9;Juliet.Rau93@hotmail.com;66848;40177;2021-05-24T00:15:10;Saint Helena Pound
10;Orion.Okuneva@hotmail.com;35597;858;2021-05-24T11:55:39;Shoes Rhode Island Vermont
