id;name;data_type;value;theme_id
1;Paradigm 1080p;52891;EXE Rustic Rubber Hat morph;78128
2;Car Spurs Buckinghamshire;98324;Technician matrix;83236
3;stable array;38523;out-of-the-box JBOD;45234
4;Industrial Customer;96036;Cote d'Ivoire;85693
5;Bedfordshire collaborative;79083;Intelligent Cotton Pants port;85639
6;Lempira Avon Designer;36579;recontextualize Organic;88943
7;Borders Liaison syndicate;66139;quantify;60795
8;Zambian Kwacha;9454;Accountability Quality;67449
9;flexibility;855;silver Strategist Home Loan Account;64665
10;Movies impactful Credit Card Account;92819;Frozen Generic Wooden Sausages cross-platform;65352
