id;user_api_key_id;name;allowed_parameters
1;69993;leading-edge drive;fuchsia program panel
2;99481;deposit Hawaii Berkshire;hacking Fish
3;15051;Designer copying;embrace
4;4397;transmitting portal;array Beauty
5;74162;override Auto Loan Account;benchmark Center withdrawal
6;52326;cohesive;help-desk Peso Uruguayo Uruguay Peso en Unidades Indexadas
7;5982;Steel;Investor Ranch
8;25445;Georgia compress digital;connecting
9;22524;Divide white;Functionality Checking Account Soap
10;96671;haptic;Usability
