id;user_id;custom_upload_id;gravatar_upload_id;last_gravatar_download_attempt;updated_at
1;Hat Optimized Fantastic;5520;25003;2021-05-24T12:54:37;2021-05-24T06:03:22
2;Health Checking Account Secured;55665;56976;2021-05-24T07:07:42;2021-05-24T06:45:29
3;Generic Steel Bike Product;94455;81338;2021-05-23T23:57:07;2021-05-24T04:36:41
4;payment;62002;56065;2021-05-24T07:21:12;2021-05-24T06:43:24
5;Netherlands disintermediate;27262;47398;2021-05-24T07:05:52;2021-05-23T22:14:07
6;Metrics streamline deposit;30922;32410;2021-05-23T16:21:18;2021-05-24T07:30:37
7;Cheese Cotton;17786;80800;2021-05-24T13:14:45;2021-05-24T09:47:03
8;USB bandwidth;72663;66772;2021-05-23T16:31:41;2021-05-23T14:55:23
9;Persevering digital open architecture;16156;22165;2021-05-24T05:46:20;2021-05-23T21:07:27
10;implement 4th generation virtual;69417;78684;2021-05-23T18:18:12;2021-05-23T15:05:59
