id;user_id;method;data;enabled;last_used;name
1;Generic Concrete Fish;1388;array;false;2021-05-24T09:57:54;navigate
2;bypass;73595;Argentina;false;2021-05-24T10:57:02;Awesome
3;Orchestrator Ergonomic Soft Car Intelligent Concrete Shoes;32352;Implementation;true;2021-05-23T18:38:57;Bahraini Dinar Liberia
4;invoice Ergonomic;73788;Distributed;true;2021-05-23T21:43:00;Accountability
5;Rue Seamless;58897;Cotton interface Chief;false;2021-05-23T19:29:18;Soft Practical Frozen Table
6;evolve Fish;83937;enable;true;2021-05-24T11:25:51;index
7;United Arab Emirates calculating;88964;Berkshire Global tan;false;2021-05-23T23:12:12;Switzerland
8;copy;54476;Future-proofed Center logistical;false;2021-05-23T17:18:27;transmitting XSS Granite
9;reboot port Small;71110;proactive Iceland contextually-based;false;2021-05-23T16:15:22;Money Market Account cross-platform
10;invoice Awesome Glen;91035;Michigan;false;2021-05-24T03:21:49;JBOD Soft Awesome
