id;user_id;name;value
1;Mississippi SQL;Data target;Illinois
2;Consultant generating;Vermont;Buckinghamshire Generic
3;Sleek Steel Soap;Gorgeous Wooden Hat;Cotton 1080p Burg
4;Money Market Account;Vision-oriented JSON;matrix infomediaries Investment Account
5;generate deposit Arizona;Money Market Account;24/7 Wooden Specialist
6;Concrete;mesh;interface
7;relationships;AI hub;Chicken circuit
8;intuitive;Marketing open-source;Practical Metal Salad Public-key
9;Small;payment;Home Loan Account
10;Car one-to-one Personal Loan Account;Legacy Reunion;granular
